{"cameraMode":{"drawMode":0,"name":"Shaded","section":"Shading Mode"},"sceneLighting":true,"audioPlay":false,"sceneViewState":{"showFog":false,"showMaterialUpdate":false,"showSkybox":false,"showFlares":false,"showImageEffects":false,"showParticleSystems":false},"in2DMode":false,"pivot":{"x":13.650179862976075,"y":29.653247833251954,"z":-8.750154495239258},"rotation":{"x":-0.3985125422477722,"y":0.32536566257476809,"z":-0.15369650721549989,"w":-0.8436244130134583},"size":9.4310884475708,"orthographic":false}